technology,parameter,value,unit,basis,currency_year,source,source_year,source_url,range_low,range_high,range_source,domain,projection_year,note
battery inverter,investment,213.9279,EUR/kW,real,2020,"Danish Energy Agency, inputs/technology_data_catalogue_for_energy_storage.xlsx",2026,https://raw.githubusercontent.com/PyPSA/technology-data/refs/tags/v0.14.0/outputs/costs_2030.csv,149.7495,278.1063,assumed,"[0, inf)",2030,
battery inverter,FOM,0.3375,%/year,real,2020,"Danish Energy Agency, inputs/technology_data_catalogue_for_energy_storage.xlsx",2026,https://raw.githubusercontent.com/PyPSA/technology-data/refs/tags/v0.14.0/outputs/costs_2030.csv,0.2362,0.4388,assumed,"[0, 100]",2030,
battery inverter,efficiency,0.96,per unit,real,2020,"Danish Energy Agency, inputs/technology_data_catalogue_for_energy_storage.xlsx",2026,https://raw.githubusercontent.com/PyPSA/technology-data/refs/tags/v0.14.0/outputs/costs_2030.csv,0.672,1.0,assumed,"(0, 1]",2030,
battery inverter,lifetime,10.0,years,real,2020,"Danish Energy Agency, inputs/technology_data_catalogue_for_energy_storage.xlsx, Note K.",2026,https://raw.githubusercontent.com/PyPSA/technology-data/refs/tags/v0.14.0/outputs/costs_2030.csv,7.0,13.0,assumed,"[1, inf)",2030,
battery storage,investment,189.861,EUR/kWh,real,2020,"Danish Energy Agency, inputs/technology_data_catalogue_for_energy_storage.xlsx",2026,https://raw.githubusercontent.com/PyPSA/technology-data/refs/tags/v0.14.0/outputs/costs_2030.csv,132.9027,246.8193,assumed,"[0, inf)",2030,
battery storage,lifetime,25.0,years,real,2020,"Danish Energy Agency, inputs/technology_data_catalogue_for_energy_storage.xlsx",2026,https://raw.githubusercontent.com/PyPSA/technology-data/refs/tags/v0.14.0/outputs/costs_2030.csv,17.5,32.5,assumed,"[1, inf)",2030,
solar-utility,investment,482.4785,EUR/kW_e,real,2020,"Danish Energy Agency, inputs/technology_data_for_el_and_dh.xlsx",2026,https://raw.githubusercontent.com/PyPSA/technology-data/refs/tags/v0.14.0/outputs/costs_2030.csv,337.7349,627.222,assumed,"[0, inf)",2030,
solar-utility,FOM,2.4757,%/year,real,2020,"Danish Energy Agency, inputs/technology_data_for_el_and_dh.xlsx",2026,https://raw.githubusercontent.com/PyPSA/technology-data/refs/tags/v0.14.0/outputs/costs_2030.csv,1.733,3.2184,assumed,"[0, 100]",2030,
solar-utility,lifetime,40.0,years,real,2020,"Danish Energy Agency, inputs/technology_data_for_el_and_dh.xlsx",2026,https://raw.githubusercontent.com/PyPSA/technology-data/refs/tags/v0.14.0/outputs/costs_2030.csv,28.0,52.0,assumed,"[1, inf)",2030,
solar-rooftop,investment,883.8138,EUR/kW_e,real,2020,Calculated. See 'further description'.,2026,https://raw.githubusercontent.com/PyPSA/technology-data/refs/tags/v0.14.0/outputs/costs_2030.csv,618.6697,1148.9579,assumed,"[0, inf)",2030,
solar-rooftop,FOM,1.4234,%/year,real,2020,Calculated. See 'further description'.,2026,https://raw.githubusercontent.com/PyPSA/technology-data/refs/tags/v0.14.0/outputs/costs_2030.csv,0.9964,1.8504,assumed,"[0, 100]",2030,
solar-rooftop,lifetime,40.0,years,real,2020,Calculated. See 'further description'.,2026,https://raw.githubusercontent.com/PyPSA/technology-data/refs/tags/v0.14.0/outputs/costs_2030.csv,28.0,52.0,assumed,"[1, inf)",2030,
battery,round-trip efficiency,0.9216,per unit,real,2020,derived,2026,,0.6451,1.0,assumed,"(0, 1]",2030,derived: battery inverter efficiency squared (charge and discharge each pass the inverter once)
battery storage,degradation calendar,,%/year,real,,"placeholder: technology-data v0.14.0 carries no battery degradation; MVP-1 models none (plan, honest scope)",,,,,,"[0, 100]",,not_used_in_mvp1
battery storage,degradation cycling,,%/full cycle,real,,"placeholder: technology-data v0.14.0 carries no battery degradation; MVP-1 models none (plan, honest scope)",,,,,,"[0, 100]",,not_used_in_mvp1
