month,daytype,hour,factor
1,weekday,0,0.3675
1,weekday,1,0.3675
1,weekday,2,0.3675
1,weekday,3,0.3675
1,weekday,4,0.3675
1,weekday,5,0.3675
1,weekday,6,0.6825
1,weekday,7,0.6825
1,weekday,8,1.05
1,weekday,9,1.05
1,weekday,10,1.05
1,weekday,11,1.05
1,weekday,12,1.05
1,weekday,13,1.05
1,weekday,14,1.05
1,weekday,15,1.05
1,weekday,16,1.05
1,weekday,17,1.05
1,weekday,18,0.6825
1,weekday,19,0.6825
1,weekday,20,0.3675
1,weekday,21,0.3675
1,weekday,22,0.3675
1,weekday,23,0.3675
1,weekend,0,0.315
1,weekend,1,0.315
1,weekend,2,0.315
1,weekend,3,0.315
1,weekend,4,0.315
1,weekend,5,0.315
1,weekend,6,0.315
1,weekend,7,0.315
1,weekend,8,0.315
1,weekend,9,0.315
1,weekend,10,0.315
1,weekend,11,0.315
1,weekend,12,0.315
1,weekend,13,0.315
1,weekend,14,0.315
1,weekend,15,0.315
1,weekend,16,0.315
1,weekend,17,0.315
1,weekend,18,0.315
1,weekend,19,0.315
1,weekend,20,0.315
1,weekend,21,0.315
1,weekend,22,0.315
1,weekend,23,0.315
2,weekday,0,0.3675
2,weekday,1,0.3675
2,weekday,2,0.3675
2,weekday,3,0.3675
2,weekday,4,0.3675
2,weekday,5,0.3675
2,weekday,6,0.6825
2,weekday,7,0.6825
2,weekday,8,1.05
2,weekday,9,1.05
2,weekday,10,1.05
2,weekday,11,1.05
2,weekday,12,1.05
2,weekday,13,1.05
2,weekday,14,1.05
2,weekday,15,1.05
2,weekday,16,1.05
2,weekday,17,1.05
2,weekday,18,0.6825
2,weekday,19,0.6825
2,weekday,20,0.3675
2,weekday,21,0.3675
2,weekday,22,0.3675
2,weekday,23,0.3675
2,weekend,0,0.315
2,weekend,1,0.315
2,weekend,2,0.315
2,weekend,3,0.315
2,weekend,4,0.315
2,weekend,5,0.315
2,weekend,6,0.315
2,weekend,7,0.315
2,weekend,8,0.315
2,weekend,9,0.315
2,weekend,10,0.315
2,weekend,11,0.315
2,weekend,12,0.315
2,weekend,13,0.315
2,weekend,14,0.315
2,weekend,15,0.315
2,weekend,16,0.315
2,weekend,17,0.315
2,weekend,18,0.315
2,weekend,19,0.315
2,weekend,20,0.315
2,weekend,21,0.315
2,weekend,22,0.315
2,weekend,23,0.315
3,weekday,0,0.3325
3,weekday,1,0.3325
3,weekday,2,0.3325
3,weekday,3,0.3325
3,weekday,4,0.3325
3,weekday,5,0.3325
3,weekday,6,0.6175
3,weekday,7,0.6175
3,weekday,8,0.95
3,weekday,9,0.95
3,weekday,10,0.95
3,weekday,11,0.95
3,weekday,12,0.95
3,weekday,13,0.95
3,weekday,14,0.95
3,weekday,15,0.95
3,weekday,16,0.95
3,weekday,17,0.95
3,weekday,18,0.6175
3,weekday,19,0.6175
3,weekday,20,0.3325
3,weekday,21,0.3325
3,weekday,22,0.3325
3,weekday,23,0.3325
3,weekend,0,0.285
3,weekend,1,0.285
3,weekend,2,0.285
3,weekend,3,0.285
3,weekend,4,0.285
3,weekend,5,0.285
3,weekend,6,0.285
3,weekend,7,0.285
3,weekend,8,0.285
3,weekend,9,0.285
3,weekend,10,0.285
3,weekend,11,0.285
3,weekend,12,0.285
3,weekend,13,0.285
3,weekend,14,0.285
3,weekend,15,0.285
3,weekend,16,0.285
3,weekend,17,0.285
3,weekend,18,0.285
3,weekend,19,0.285
3,weekend,20,0.285
3,weekend,21,0.285
3,weekend,22,0.285
3,weekend,23,0.285
4,weekday,0,0.3325
4,weekday,1,0.3325
4,weekday,2,0.3325
4,weekday,3,0.3325
4,weekday,4,0.3325
4,weekday,5,0.3325
4,weekday,6,0.6175
4,weekday,7,0.6175
4,weekday,8,0.95
4,weekday,9,0.95
4,weekday,10,0.95
4,weekday,11,0.95
4,weekday,12,0.95
4,weekday,13,0.95
4,weekday,14,0.95
4,weekday,15,0.95
4,weekday,16,0.95
4,weekday,17,0.95
4,weekday,18,0.6175
4,weekday,19,0.6175
4,weekday,20,0.3325
4,weekday,21,0.3325
4,weekday,22,0.3325
4,weekday,23,0.3325
4,weekend,0,0.285
4,weekend,1,0.285
4,weekend,2,0.285
4,weekend,3,0.285
4,weekend,4,0.285
4,weekend,5,0.285
4,weekend,6,0.285
4,weekend,7,0.285
4,weekend,8,0.285
4,weekend,9,0.285
4,weekend,10,0.285
4,weekend,11,0.285
4,weekend,12,0.285
4,weekend,13,0.285
4,weekend,14,0.285
4,weekend,15,0.285
4,weekend,16,0.285
4,weekend,17,0.285
4,weekend,18,0.285
4,weekend,19,0.285
4,weekend,20,0.285
4,weekend,21,0.285
4,weekend,22,0.285
4,weekend,23,0.285
5,weekday,0,0.3325
5,weekday,1,0.3325
5,weekday,2,0.3325
5,weekday,3,0.3325
5,weekday,4,0.3325
5,weekday,5,0.3325
5,weekday,6,0.6175
5,weekday,7,0.6175
5,weekday,8,0.95
5,weekday,9,0.95
5,weekday,10,0.95
5,weekday,11,0.95
5,weekday,12,0.95
5,weekday,13,0.95
5,weekday,14,0.95
5,weekday,15,0.95
5,weekday,16,0.95
5,weekday,17,0.95
5,weekday,18,0.6175
5,weekday,19,0.6175
5,weekday,20,0.3325
5,weekday,21,0.3325
5,weekday,22,0.3325
5,weekday,23,0.3325
5,weekend,0,0.285
5,weekend,1,0.285
5,weekend,2,0.285
5,weekend,3,0.285
5,weekend,4,0.285
5,weekend,5,0.285
5,weekend,6,0.285
5,weekend,7,0.285
5,weekend,8,0.285
5,weekend,9,0.285
5,weekend,10,0.285
5,weekend,11,0.285
5,weekend,12,0.285
5,weekend,13,0.285
5,weekend,14,0.285
5,weekend,15,0.285
5,weekend,16,0.285
5,weekend,17,0.285
5,weekend,18,0.285
5,weekend,19,0.285
5,weekend,20,0.285
5,weekend,21,0.285
5,weekend,22,0.285
5,weekend,23,0.285
6,weekday,0,0.385
6,weekday,1,0.385
6,weekday,2,0.385
6,weekday,3,0.385
6,weekday,4,0.385
6,weekday,5,0.385
6,weekday,6,0.715
6,weekday,7,0.715
6,weekday,8,1.1
6,weekday,9,1.1
6,weekday,10,1.1
6,weekday,11,1.1
6,weekday,12,1.1
6,weekday,13,1.1
6,weekday,14,1.1
6,weekday,15,1.1
6,weekday,16,1.1
6,weekday,17,1.1
6,weekday,18,0.715
6,weekday,19,0.715
6,weekday,20,0.385
6,weekday,21,0.385
6,weekday,22,0.385
6,weekday,23,0.385
6,weekend,0,0.33
6,weekend,1,0.33
6,weekend,2,0.33
6,weekend,3,0.33
6,weekend,4,0.33
6,weekend,5,0.33
6,weekend,6,0.33
6,weekend,7,0.33
6,weekend,8,0.33
6,weekend,9,0.33
6,weekend,10,0.33
6,weekend,11,0.33
6,weekend,12,0.33
6,weekend,13,0.33
6,weekend,14,0.33
6,weekend,15,0.33
6,weekend,16,0.33
6,weekend,17,0.33
6,weekend,18,0.33
6,weekend,19,0.33
6,weekend,20,0.33
6,weekend,21,0.33
6,weekend,22,0.33
6,weekend,23,0.33
7,weekday,0,0.392
7,weekday,1,0.392
7,weekday,2,0.392
7,weekday,3,0.392
7,weekday,4,0.392
7,weekday,5,0.392
7,weekday,6,0.728
7,weekday,7,0.728
7,weekday,8,1.12
7,weekday,9,1.12
7,weekday,10,1.12
7,weekday,11,1.12
7,weekday,12,1.12
7,weekday,13,1.12
7,weekday,14,1.12
7,weekday,15,1.12
7,weekday,16,1.12
7,weekday,17,1.12
7,weekday,18,0.728
7,weekday,19,0.728
7,weekday,20,0.392
7,weekday,21,0.392
7,weekday,22,0.392
7,weekday,23,0.392
7,weekend,0,0.336
7,weekend,1,0.336
7,weekend,2,0.336
7,weekend,3,0.336
7,weekend,4,0.336
7,weekend,5,0.336
7,weekend,6,0.336
7,weekend,7,0.336
7,weekend,8,0.336
7,weekend,9,0.336
7,weekend,10,0.336
7,weekend,11,0.336
7,weekend,12,0.336
7,weekend,13,0.336
7,weekend,14,0.336
7,weekend,15,0.336
7,weekend,16,0.336
7,weekend,17,0.336
7,weekend,18,0.336
7,weekend,19,0.336
7,weekend,20,0.336
7,weekend,21,0.336
7,weekend,22,0.336
7,weekend,23,0.336
8,weekday,0,0.385
8,weekday,1,0.385
8,weekday,2,0.385
8,weekday,3,0.385
8,weekday,4,0.385
8,weekday,5,0.385
8,weekday,6,0.715
8,weekday,7,0.715
8,weekday,8,1.1
8,weekday,9,1.1
8,weekday,10,1.1
8,weekday,11,1.1
8,weekday,12,1.1
8,weekday,13,1.1
8,weekday,14,1.1
8,weekday,15,1.1
8,weekday,16,1.1
8,weekday,17,1.1
8,weekday,18,0.715
8,weekday,19,0.715
8,weekday,20,0.385
8,weekday,21,0.385
8,weekday,22,0.385
8,weekday,23,0.385
8,weekend,0,0.33
8,weekend,1,0.33
8,weekend,2,0.33
8,weekend,3,0.33
8,weekend,4,0.33
8,weekend,5,0.33
8,weekend,6,0.33
8,weekend,7,0.33
8,weekend,8,0.33
8,weekend,9,0.33
8,weekend,10,0.33
8,weekend,11,0.33
8,weekend,12,0.33
8,weekend,13,0.33
8,weekend,14,0.33
8,weekend,15,0.33
8,weekend,16,0.33
8,weekend,17,0.33
8,weekend,18,0.33
8,weekend,19,0.33
8,weekend,20,0.33
8,weekend,21,0.33
8,weekend,22,0.33
8,weekend,23,0.33
9,weekday,0,0.3325
9,weekday,1,0.3325
9,weekday,2,0.3325
9,weekday,3,0.3325
9,weekday,4,0.3325
9,weekday,5,0.3325
9,weekday,6,0.6175
9,weekday,7,0.6175
9,weekday,8,0.95
9,weekday,9,0.95
9,weekday,10,0.95
9,weekday,11,0.95
9,weekday,12,0.95
9,weekday,13,0.95
9,weekday,14,0.95
9,weekday,15,0.95
9,weekday,16,0.95
9,weekday,17,0.95
9,weekday,18,0.6175
9,weekday,19,0.6175
9,weekday,20,0.3325
9,weekday,21,0.3325
9,weekday,22,0.3325
9,weekday,23,0.3325
9,weekend,0,0.285
9,weekend,1,0.285
9,weekend,2,0.285
9,weekend,3,0.285
9,weekend,4,0.285
9,weekend,5,0.285
9,weekend,6,0.285
9,weekend,7,0.285
9,weekend,8,0.285
9,weekend,9,0.285
9,weekend,10,0.285
9,weekend,11,0.285
9,weekend,12,0.285
9,weekend,13,0.285
9,weekend,14,0.285
9,weekend,15,0.285
9,weekend,16,0.285
9,weekend,17,0.285
9,weekend,18,0.285
9,weekend,19,0.285
9,weekend,20,0.285
9,weekend,21,0.285
9,weekend,22,0.285
9,weekend,23,0.285
10,weekday,0,0.3325
10,weekday,1,0.3325
10,weekday,2,0.3325
10,weekday,3,0.3325
10,weekday,4,0.3325
10,weekday,5,0.3325
10,weekday,6,0.6175
10,weekday,7,0.6175
10,weekday,8,0.95
10,weekday,9,0.95
10,weekday,10,0.95
10,weekday,11,0.95
10,weekday,12,0.95
10,weekday,13,0.95
10,weekday,14,0.95
10,weekday,15,0.95
10,weekday,16,0.95
10,weekday,17,0.95
10,weekday,18,0.6175
10,weekday,19,0.6175
10,weekday,20,0.3325
10,weekday,21,0.3325
10,weekday,22,0.3325
10,weekday,23,0.3325
10,weekend,0,0.285
10,weekend,1,0.285
10,weekend,2,0.285
10,weekend,3,0.285
10,weekend,4,0.285
10,weekend,5,0.285
10,weekend,6,0.285
10,weekend,7,0.285
10,weekend,8,0.285
10,weekend,9,0.285
10,weekend,10,0.285
10,weekend,11,0.285
10,weekend,12,0.285
10,weekend,13,0.285
10,weekend,14,0.285
10,weekend,15,0.285
10,weekend,16,0.285
10,weekend,17,0.285
10,weekend,18,0.285
10,weekend,19,0.285
10,weekend,20,0.285
10,weekend,21,0.285
10,weekend,22,0.285
10,weekend,23,0.285
11,weekday,0,0.35
11,weekday,1,0.35
11,weekday,2,0.35
11,weekday,3,0.35
11,weekday,4,0.35
11,weekday,5,0.35
11,weekday,6,0.65
11,weekday,7,0.65
11,weekday,8,1.0
11,weekday,9,1.0
11,weekday,10,1.0
11,weekday,11,1.0
11,weekday,12,1.0
11,weekday,13,1.0
11,weekday,14,1.0
11,weekday,15,1.0
11,weekday,16,1.0
11,weekday,17,1.0
11,weekday,18,0.65
11,weekday,19,0.65
11,weekday,20,0.35
11,weekday,21,0.35
11,weekday,22,0.35
11,weekday,23,0.35
11,weekend,0,0.3
11,weekend,1,0.3
11,weekend,2,0.3
11,weekend,3,0.3
11,weekend,4,0.3
11,weekend,5,0.3
11,weekend,6,0.3
11,weekend,7,0.3
11,weekend,8,0.3
11,weekend,9,0.3
11,weekend,10,0.3
11,weekend,11,0.3
11,weekend,12,0.3
11,weekend,13,0.3
11,weekend,14,0.3
11,weekend,15,0.3
11,weekend,16,0.3
11,weekend,17,0.3
11,weekend,18,0.3
11,weekend,19,0.3
11,weekend,20,0.3
11,weekend,21,0.3
11,weekend,22,0.3
11,weekend,23,0.3
12,weekday,0,0.3675
12,weekday,1,0.3675
12,weekday,2,0.3675
12,weekday,3,0.3675
12,weekday,4,0.3675
12,weekday,5,0.3675
12,weekday,6,0.6825
12,weekday,7,0.6825
12,weekday,8,1.05
12,weekday,9,1.05
12,weekday,10,1.05
12,weekday,11,1.05
12,weekday,12,1.05
12,weekday,13,1.05
12,weekday,14,1.05
12,weekday,15,1.05
12,weekday,16,1.05
12,weekday,17,1.05
12,weekday,18,0.6825
12,weekday,19,0.6825
12,weekday,20,0.3675
12,weekday,21,0.3675
12,weekday,22,0.3675
12,weekday,23,0.3675
12,weekend,0,0.315
12,weekend,1,0.315
12,weekend,2,0.315
12,weekend,3,0.315
12,weekend,4,0.315
12,weekend,5,0.315
12,weekend,6,0.315
12,weekend,7,0.315
12,weekend,8,0.315
12,weekend,9,0.315
12,weekend,10,0.315
12,weekend,11,0.315
12,weekend,12,0.315
12,weekend,13,0.315
12,weekend,14,0.315
12,weekend,15,0.315
12,weekend,16,0.315
12,weekend,17,0.315
12,weekend,18,0.315
12,weekend,19,0.315
12,weekend,20,0.315
12,weekend,21,0.315
12,weekend,22,0.315
12,weekend,23,0.315
