timestamp,Load Bus 12,BE0 1,BE0 2,BE0 3,BE0 4,BE0 0
2024-01-01 00:00,6.499,6.736,19.624,16.772,5.304,7.872
2024-01-01 01:00,12.221,12.611,38.826,31.59,10.011,14.766
2024-01-01 02:00,19.56,18.732,58.423,48.682,15.133,23.628
2024-01-01 03:00,24.547,24.801,70.907,59.788,18.863,28.747
2024-01-01 04:00,27.012,28.017,81.905,67.518,22.088,34.02
2024-01-01 05:00,32.049,32.843,100.803,84.017,25.998,38.455
2024-01-01 06:00,43.113,44.179,127.536,108.603,34.116,51.542
2024-01-01 07:00,58.414,58.168,168.562,147.019,45.94,68.206
2024-01-01 08:00,68.282,68.834,204.979,175.9,55.599,85.627
2024-01-01 09:00,75.536,73.393,231.703,184.434,60.231,90.852
2024-01-01 10:00,67.46,68.904,206.056,174.142,55.446,81.08
2024-01-01 11:00,54.265,54.132,163.497,135.457,44.311,64.51
2024-01-01 12:00,39.472,37.668,112.288,94.746,30.372,45.469
2024-01-01 13:00,26.287,26.59,79.76,66.481,21.165,32.046
2024-01-01 14:00,24.314,23.225,69.907,59.481,19.343,28.193
2024-01-01 15:00,32.618,32.874,94.252,78.398,25.632,37.865
2024-01-01 16:00,50.874,50.058,149.066,122.661,40.813,61.348
2024-01-01 17:00,72.28,71.636,214.415,184.471,57.727,85.639
2024-01-01 18:00,95.037,92.843,276.039,236.539,72.85,112.875
2024-01-01 19:00,99.689,100.725,306.142,247.321,81.125,120.359
2024-01-01 20:00,91.48,91.471,277.967,234.759,75.656,110.264
2024-01-01 21:00,73.513,73.977,216.999,184.554,59.557,87.243
2024-01-01 22:00,49.469,48.233,146.497,125.082,38.171,56.956
2024-01-01 23:00,27.095,28.619,82.836,67.768,22.245,33.055
2024-01-02 00:00,6.481,6.508,19.559,16.983,5.364,7.825
2024-01-02 01:00,12.345,12.509,37.776,31.336,10.146,14.683
2024-01-02 02:00,18.919,19.202,58.447,48.287,14.922,22.693
2024-01-02 03:00,24.563,23.991,73.824,59.904,18.949,29.762
2024-01-02 04:00,27.18,27.423,81.676,69.783,21.948,33.35
2024-01-02 05:00,33.083,33.763,101.593,83.75,25.976,40.163
2024-01-02 06:00,44.213,42.292,129.137,109.615,34.522,52.817
2024-01-02 07:00,58.216,58.525,168.19,143.78,45.124,70.424
2024-01-02 08:00,71.102,69.89,204.681,176.238,56.869,85.437
2024-01-02 09:00,75.716,74.723,229.986,188.223,58.81,88.708
2024-01-02 10:00,69.832,70.346,210.999,175.047,56.294,82.234
2024-01-02 11:00,54.56,54.169,169.296,140.638,43.001,67.121
2024-01-02 12:00,38.523,39.429,117.704,94.437,30.434,46.306
2024-01-02 13:00,25.997,25.814,77.307,67.619,20.605,31.096
2024-01-02 14:00,23.134,24.342,69.165,59.072,19.474,28.713
2024-01-02 15:00,31.932,32.948,93.976,80.02,25.69,38.89
2024-01-02 16:00,50.671,50.653,150.886,122.264,40.273,60.91
2024-01-02 17:00,71.597,72.558,225.368,180.024,56.974,89.729
2024-01-02 18:00,92.267,91.545,284.759,229.338,72.762,111.814
2024-01-02 19:00,102.899,101.651,296.689,255.164,81.813,122.966
2024-01-02 20:00,94.94,94.219,283.976,229.261,72.1,112.949
2024-01-02 21:00,71.021,73.93,219.989,179.841,59.098,86.279
2024-01-02 22:00,50.099,49.34,144.772,124.81,38.227,59.31
2024-01-02 23:00,27.979,27.764,85.307,70.073,22.682,33.744
2024-01-03 00:00,6.528,6.804,19.93,16.178,5.385,7.972
2024-01-03 01:00,12.484,12.561,37.556,30.698,10.183,15.134
2024-01-03 02:00,19.53,19.001,57.622,47.491,14.906,22.282
2024-01-03 03:00,24.004,23.784,73.004,59.932,19.854,28.26
2024-01-03 04:00,27.407,27.308,82.235,70.03,21.73,33.147
2024-01-03 05:00,32.042,32.026,100.381,81.934,26.978,40.333
2024-01-03 06:00,42.513,43.208,132.162,107.651,33.913,52.825
2024-01-03 07:00,57.532,58.616,174.182,141.635,46.86,68.304
2024-01-03 08:00,68.566,70.751,205.307,179.272,55.826,81.757
2024-01-03 09:00,74.717,77.157,224.831,192.604,59.033,91.922
2024-01-03 10:00,69.69,68.668,208.19,169.865,53.923,81.725
2024-01-03 11:00,55.314,56.629,166.196,141.184,43.78,64.188
2024-01-03 12:00,37.391,38.637,115.018,95.153,29.957,46.528
2024-01-03 13:00,26.912,26.112,79.48,64.3,20.548,31.269
2024-01-03 14:00,24.177,23.447,69.638,58.189,19.426,28.122
2024-01-03 15:00,31.278,31.422,98.276,78.183,25.289,38.931
2024-01-03 16:00,51.196,49.234,147.617,122.156,40.745,60.325
2024-01-03 17:00,73.828,74.547,220.18,181.42,59.617,89.147
2024-01-03 18:00,94.624,92.791,283.751,227.212,73.265,110.109
2024-01-03 19:00,102.797,98.635,294.35,251.345,81.243,117.411
2024-01-03 20:00,90.082,94.516,273.291,231.989,73.799,111.783
2024-01-03 21:00,70.648,73.612,217.996,181.741,56.925,88.618
2024-01-03 22:00,47.229,49.763,142.823,118.026,38.977,56.97
2024-01-03 23:00,28.505,27.66,85.168,67.448,21.898,32.814
2024-01-04 00:00,6.711,6.802,19.623,16.609,5.287,7.801
2024-01-04 01:00,12.438,12.453,38.729,31.409,9.832,15.23
2024-01-04 02:00,19.116,19.42,56.031,48.149,15.252,22.7
2024-01-04 03:00,24.845,23.94,73.203,60.365,19.331,28.336
2024-01-04 04:00,27.999,28.213,85.607,69.711,21.869,32.786
2024-01-04 05:00,32.496,32.064,97.447,82.366,26.98,40.023
2024-01-04 06:00,43.77,41.905,131.521,108.667,34.656,53.062
2024-01-04 07:00,56.385,57.853,169.478,141.522,46.101,69.806
2024-01-04 08:00,70.6,71.622,212.07,178.164,55.097,82.078
2024-01-04 09:00,72.992,75.037,221.674,189.784,58.921,87.741
2024-01-04 10:00,70.91,71.136,210.059,175.18,56.38,85.144
2024-01-04 11:00,55.427,53.415,169.591,138.066,42.874,67.224
2024-01-04 12:00,38.677,38.337,115.815,94.323,30.728,45.099
2024-01-04 13:00,26.202,26.249,80.975,65.432,21.276,32.136
2024-01-04 14:00,23.629,23.36,70.186,58.651,19.406,27.574
2024-01-04 15:00,32.363,31.959,94.654,79.04,25.541,37.401
2024-01-04 16:00,50.565,51.447,154.791,127.929,39.879,59.451
2024-01-04 17:00,73.05,71.347,219.205,184.243,56.855,86.12
2024-01-04 18:00,93.644,93.908,283.498,227.442,73.23,111.524
2024-01-04 19:00,101.543,99.886,295.034,249.804,80.709,116.788
2024-01-04 20:00,92.743,90.45,283.644,232.392,73.8,112.167
2024-01-04 21:00,73.423,74.565,221.981,179.358,58.105,86.202
2024-01-04 22:00,48.843,49.506,145.392,120.348,38.403,59.364
2024-01-04 23:00,27.357,28.081,81.421,71.405,22.447,33.48
2024-01-05 00:00,6.572,6.683,19.807,16.625,5.135,7.998
2024-01-05 01:00,12.589,12.663,38.777,31.59,10.041,15.213
2024-01-05 02:00,19.05,18.624,57.856,47.131,15.762,22.733
2024-01-05 03:00,24.415,24.729,71.212,62.207,19.489,29.301
2024-01-05 04:00,27.865,27.45,82.248,71.466,22.889,33.904
2024-01-05 05:00,33.792,33.18,98.884,81.374,26.788,40.312
2024-01-05 06:00,42.896,43.497,128.58,105.694,35.279,51.854
2024-01-05 07:00,56.789,57.163,174.441,143.512,45.893,67.447
2024-01-05 08:00,71.736,71.043,212.434,176.766,56.677,83.632
2024-01-05 09:00,74.932,76.821,223.497,187.778,60.584,89.681
2024-01-05 10:00,69.057,70.759,212.323,177.97,54.084,83.77
2024-01-05 11:00,53.47,56.241,167.378,136.74,44.626,67.057
2024-01-05 12:00,38.006,39.419,113.856,98.913,31.638,46.662
2024-01-05 13:00,25.829,27.216,78.746,65.966,21.796,31.976
2024-01-05 14:00,23.099,24.208,72.237,58.464,18.863,28.794
2024-01-05 15:00,32.201,32.59,97.942,80.317,25.037,38.797
2024-01-05 16:00,50.177,49.607,151.584,122.902,39.52,58.961
2024-01-05 17:00,71.46,74.112,224.064,185.567,60.027,87.97
2024-01-05 18:00,91.301,94.724,278.081,227.822,75.734,112.573
2024-01-05 19:00,99.253,101.429,294.278,251.897,81.347,121.457
2024-01-05 20:00,92.485,91.64,280.605,230.035,76.022,112.624
2024-01-05 21:00,74.555,72.232,220.536,186.027,58.806,86.742
2024-01-05 22:00,49.018,49.644,146.237,122.577,37.965,60.051
2024-01-05 23:00,27.938,28.606,84.811,70.398,22.39,33.336
2024-01-06 00:00,5.331,5.387,15.444,13.153,4.149,6.154
2024-01-06 01:00,9.972,10.089,30.952,25.586,8.243,11.897
2024-01-06 02:00,15.145,14.948,45.862,38.886,12.482,18.064
2024-01-06 03:00,19.59,19.768,56.506,46.961,15.388,22.817
2024-01-06 04:00,21.681,22.308,65.7,55.796,17.946,26.196
2024-01-06 05:00,26.499,26.2,79.265,65.956,21.343,32.295
2024-01-06 06:00,35.231,35.175,103.395,84.323,27.071,40.69
2024-01-06 07:00,45.724,45.681,135.668,113.502,36.55,53.498
2024-01-06 08:00,55.441,54.541,165.298,142.633,44.376,67.381
2024-01-06 09:00,59.184,60.356,176.983,147.363,49.562,73.746
2024-01-06 10:00,56.88,56.713,162.169,142.071,43.976,66.383
2024-01-06 11:00,43.788,43.317,135.875,113.314,34.647,54.275
2024-01-06 12:00,30.048,30.992,90.523,77.866,24.071,37.739
2024-01-06 13:00,20.925,21.275,64.626,53.603,17.428,25.615
2024-01-06 14:00,19.015,18.737,56.333,46.463,14.976,22.232
2024-01-06 15:00,25.844,25.941,76.468,65.67,20.174,30.278
2024-01-06 16:00,39.013,40.216,117.261,102.481,32.473,48.027
2024-01-06 17:00,57.703,56.708,178.092,142.399,46.89,68.952
2024-01-06 18:00,74.392,73.137,217.469,184.038,57.688,91.233
2024-01-06 19:00,78.984,79.592,245.699,195.286,63.234,97.583
2024-01-06 20:00,72.191,71.936,219.078,188.036,59.544,87.903
2024-01-06 21:00,59.442,59.097,179.235,145.094,45.858,69.297
2024-01-06 22:00,38.837,40.035,114.817,100.153,31.563,47.652
2024-01-06 23:00,21.829,21.804,66.884,53.951,17.618,26.139
2024-01-07 00:00,5.406,5.317,16.145,13.607,4.14,6.503
2024-01-07 01:00,10.055,9.768,30.681,25.491,7.835,11.8
2024-01-07 02:00,14.852,15.725,45.114,37.587,12.211,18.709
2024-01-07 03:00,19.598,19.583,57.758,48.781,15.347,23.124
2024-01-07 04:00,21.815,22.869,67.353,54.142,18.202,26.163
2024-01-07 05:00,26.08,27.013,79.098,65.087,21.644,30.934
2024-01-07 06:00,35.182,34.818,101.358,87.327,27.843,41.242
2024-01-07 07:00,46.578,44.354,136.63,115.284,35.812,54.873
2024-01-07 08:00,55.548,54.86,169.114,143.121,44.944,68.558
2024-01-07 09:00,60.255,59.955,180.847,151.251,48.053,71.556
2024-01-07 10:00,57.017,54.54,167.83,140.461,43.673,66.35
2024-01-07 11:00,45.146,43.409,132.159,113.376,34.579,53.462
2024-01-07 12:00,31.301,30.477,92.799,75.84,23.903,36.135
2024-01-07 13:00,20.781,21.419,61.731,52.284,17.395,24.648
2024-01-07 14:00,19.172,18.594,55.733,48.349,15.504,22.203
2024-01-07 15:00,26.295,25.18,76.063,63.961,20.48,30.752
2024-01-07 16:00,39.493,41.277,117.689,97.757,31.399,47.948
2024-01-07 17:00,59.16,58.384,171.203,150.297,46.407,71.874
2024-01-07 18:00,73.4,72.317,228.31,180.035,58.386,90.002
2024-01-07 19:00,80.95,77.728,237.058,198.846,64.679,96.061
2024-01-07 20:00,71.691,72.375,221.334,183.08,58.046,86.351
2024-01-07 21:00,56.655,58.397,174.785,145.303,47.572,70.307
2024-01-07 22:00,38.301,39.694,114.454,98.031,31.18,47.753
2024-01-07 23:00,21.598,22.857,67.136,55.743,17.325,26.926
