key,technology,part,basis,source_technology,parameter,label,original_value,original_unit,unit,range_low,range_high,range_source,currency,currency_year,price_basis,source,source_year,source_url,projection_year,domain,illustrative,derived_inputs,formula_id,note
battery.power.overnight,battery,power,per_MW,battery inverter,overnight,Battery inverter (power part) overnight cost,213.9279,EUR/kW,EUR/MW,149.7495,278.1063,assumed,EUR,2020,real,"Danish Energy Agency, inputs/technology_data_catalogue_for_energy_storage.xlsx",2026,https://raw.githubusercontent.com/PyPSA/technology-data/refs/tags/v0.14.0/outputs/costs_2030.csv,2030,"[0, inf)",false,,,
battery.power.fom_share,battery,power,per_MW,battery inverter,fom_share,Battery inverter fixed O&M (share of overnight cost per year),0.3375,%/year,share/year,0.2362,0.4388,assumed,,,real,"Danish Energy Agency, inputs/technology_data_catalogue_for_energy_storage.xlsx",2026,https://raw.githubusercontent.com/PyPSA/technology-data/refs/tags/v0.14.0/outputs/costs_2030.csv,2030,"[0, 1]",false,,,
battery.power.efficiency,battery,power,per_MW,battery inverter,efficiency,Battery inverter efficiency (one way),0.96,per unit,per unit,0.672,1.0,assumed,,,real,"Danish Energy Agency, inputs/technology_data_catalogue_for_energy_storage.xlsx",2026,https://raw.githubusercontent.com/PyPSA/technology-data/refs/tags/v0.14.0/outputs/costs_2030.csv,2030,"(0, 1]",false,,,
battery.power.lifetime,battery,power,per_MW,battery inverter,lifetime,Battery inverter lifetime,10.0,years,years,7.0,13.0,assumed,,,real,"Danish Energy Agency, inputs/technology_data_catalogue_for_energy_storage.xlsx, Note K.",2026,https://raw.githubusercontent.com/PyPSA/technology-data/refs/tags/v0.14.0/outputs/costs_2030.csv,2030,"[1, inf)",false,,,
battery.energy.overnight,battery,energy,per_MWh,battery storage,overnight,Battery storage (energy part) overnight cost,189.861,EUR/kWh,EUR/MWh,132.9027,246.8193,assumed,EUR,2020,real,"Danish Energy Agency, inputs/technology_data_catalogue_for_energy_storage.xlsx",2026,https://raw.githubusercontent.com/PyPSA/technology-data/refs/tags/v0.14.0/outputs/costs_2030.csv,2030,"[0, inf)",false,,,
battery.energy.lifetime,battery,energy,per_MWh,battery storage,lifetime,Battery storage lifetime,25.0,years,years,17.5,32.5,assumed,,,real,"Danish Energy Agency, inputs/technology_data_catalogue_for_energy_storage.xlsx",2026,https://raw.githubusercontent.com/PyPSA/technology-data/refs/tags/v0.14.0/outputs/costs_2030.csv,2030,"[1, inf)",false,,,
battery.round_trip_efficiency,battery,,,battery,round_trip_efficiency,Battery round-trip efficiency,0.9216,per unit,per unit,0.6451,1.0,assumed,,,real,derived: battery inverter efficiency squared (charge and discharge each pass the inverter once),2026,,2030,"(0, 1]",false,battery.power.efficiency,square,
battery.energy.degradation_calendar,battery,energy,per_MWh,battery storage,degradation_calendar,Battery capacity fade per year (not modelled),,%/year,share/year,,,,,,real,"placeholder: technology-data v0.14.0 carries no battery degradation; MVP-1 models none (plan, honest scope)",2026,,,"[0, 1]",false,,,not_used_in_mvp1
battery.energy.degradation_cycling,battery,energy,per_MWh,battery storage,degradation_cycling,Battery capacity fade per full cycle (not modelled),,%/full cycle,share/full cycle,,,,,,real,"placeholder: technology-data v0.14.0 carries no battery degradation; MVP-1 models none (plan, honest scope)",2026,,,"[0, 1]",false,,,not_used_in_mvp1
solar-utility.investment.overnight,solar-utility,investment,per_MW,solar-utility,overnight,Solar PV (ground-mounted) overnight cost,482.4785,EUR/kW_e,EUR/MW,337.7349,627.222,assumed,EUR,2020,real,"Danish Energy Agency, inputs/technology_data_for_el_and_dh.xlsx",2026,https://raw.githubusercontent.com/PyPSA/technology-data/refs/tags/v0.14.0/outputs/costs_2030.csv,2030,"[0, inf)",false,,,
solar-utility.investment.fom_share,solar-utility,investment,per_MW,solar-utility,fom_share,Solar PV (ground-mounted) fixed O&M (share of overnight cost per year),2.4757,%/year,share/year,1.733,3.2184,assumed,,,real,"Danish Energy Agency, inputs/technology_data_for_el_and_dh.xlsx",2026,https://raw.githubusercontent.com/PyPSA/technology-data/refs/tags/v0.14.0/outputs/costs_2030.csv,2030,"[0, 1]",false,,,
solar-utility.investment.lifetime,solar-utility,investment,per_MW,solar-utility,lifetime,Solar PV (ground-mounted) lifetime,40.0,years,years,28.0,52.0,assumed,,,real,"Danish Energy Agency, inputs/technology_data_for_el_and_dh.xlsx",2026,https://raw.githubusercontent.com/PyPSA/technology-data/refs/tags/v0.14.0/outputs/costs_2030.csv,2030,"[1, inf)",false,,,
solar-rooftop.investment.overnight,solar-rooftop,investment,per_MW,solar-rooftop,overnight,Solar PV (rooftop) overnight cost,883.8138,EUR/kW_e,EUR/MW,618.6697,1148.9579,assumed,EUR,2020,real,Calculated. See 'further description'.,2026,https://raw.githubusercontent.com/PyPSA/technology-data/refs/tags/v0.14.0/outputs/costs_2030.csv,2030,"[0, inf)",false,,,
solar-rooftop.investment.fom_share,solar-rooftop,investment,per_MW,solar-rooftop,fom_share,Solar PV (rooftop) fixed O&M (share of overnight cost per year),1.4234,%/year,share/year,0.9964,1.8504,assumed,,,real,Calculated. See 'further description'.,2026,https://raw.githubusercontent.com/PyPSA/technology-data/refs/tags/v0.14.0/outputs/costs_2030.csv,2030,"[0, 1]",false,,,
solar-rooftop.investment.lifetime,solar-rooftop,investment,per_MW,solar-rooftop,lifetime,Solar PV (rooftop) lifetime,40.0,years,years,28.0,52.0,assumed,,,real,Calculated. See 'further description'.,2026,https://raw.githubusercontent.com/PyPSA/technology-data/refs/tags/v0.14.0/outputs/costs_2030.csv,2030,"[1, inf)",false,,,
